Roll,Name,Email
1401AI01,Abhishek,Abhishek@mycollege.in
1401AI02,Aman,Aman@mycollege.in
1401AI03,Harsh,Harsh@mycollege.in
1401AI04,Ayush,Ayush@mycollege.in
1401AI05,Aditi,Aditi@mycollege.in
1401AI06,Anjali,Anjali@mycollege.in
1401AI07,Shubham,Shubham@mycollege.in
1401AI08,Anushka,Anushka@mycollege.in
1401AI09,Rohit,Rohit@mycollege.in
1401AI10,Saurabh,Saurabh@mycollege.in
1401AI11,Muskan,Muskan@mycollege.in
1401AI12,Rahul,Rahul@mycollege.in
1401AI13,Utkarsh,Utkarsh@mycollege.in
1401AI14,Vaibhav,Vaibhav@mycollege.in
1401AI15,Amit,Amit@mycollege.in
1401AI16,Saumya,Saumya@mycollege.in
1401AI17,Rishabh,Rishabh@mycollege.in
1401AI18,Shruti,Shruti@mycollege.in
1401AI19,Himanshu,Himanshu@mycollege.in
1401AI20,Kajal,Kajal@mycollege.in
1401AI21,Ankit,Ankit@mycollege.in
1401AI22,Gaurav,Gaurav@mycollege.in
1401AI23,Nikhil,Nikhil@mycollege.in
1401AI24,Siddharth,Siddharth@mycollege.in
1401AI25,Prashant,Prashant@mycollege.in
1401AI26,Priya,Priya@mycollege.in
1401AI27,Harshit,Harshit@mycollege.in
1401AI28,Shashank,Shashank@mycollege.in
1401AI29,Akash,Akash@mycollege.in
1401AI30,Varun,Varun@mycollege.in
1401AI31,Yash,Yash@mycollege.in
1401AI32,Shreya,Shreya@mycollege.in
1401AI33,Harshita,Harshita@mycollege.in
1401AI34,Anurag,Anurag@mycollege.in
1401AI35,Vivek,Vivek@mycollege.in
1401AI36,Swati,Swati@mycollege.in
1401AI37,Vishal,Vishal@mycollege.in
1401AI38,Aditya,Aditya@mycollege.in
1401AI39,Nidhi,Nidhi@mycollege.in
1401AI40,Ayushi,Ayushi@mycollege.in
1401AI41,Krishna,Krishna@mycollege.in
1401AI42,Anshika,Anshika@mycollege.in
1401AI43,Sakshi,Sakshi@mycollege.in
1401AI44,Shivani,Shivani@mycollege.in
1401AI45,Prakhar,Prakhar@mycollege.in
1401CB01,Mansi,Mansi@mycollege.in
1401CB02,Tushar,Tushar@mycollege.in
1401CB03,Abhinav,Abhinav@mycollege.in
1401CB04,Shivangi,Shivangi@mycollege.in
1401CB05,Ashutosh,Ashutosh@mycollege.in
1401CB06,Adarsh,Adarsh@mycollege.in
1401CB07,Divya,Divya@mycollege.in
1401CB08,Piyush,Piyush@mycollege.in
1401CB09,Pragya,Pragya@mycollege.in
1401CB10,Ajay,Ajay@mycollege.in
1401CB11,Akanksha,Akanksha@mycollege.in
1401CB12,Neeraj,Neeraj@mycollege.in
1401CB13,Ritika,Ritika@mycollege.in
1401CB14,Tanya,Tanya@mycollege.in
1401CB15,Nisha,Nisha@mycollege.in
1401CB16,Arun,Arun@mycollege.in
1401CB17,Pallavi,Pallavi@mycollege.in
1401CB18,Aniket,Aniket@mycollege.in
1401CB19,Nikita,Nikita@mycollege.in
1401CB20,Vijay,Vijay@mycollege.in
1401CB21,Ananya,Ananya@mycollege.in
1401CB22,Priyanshi,Priyanshi@mycollege.in
1401CB23,Suraj,Suraj@mycollege.in
1401CB24,Akshat,Akshat@mycollege.in
1401CB25,Ishika,Ishika@mycollege.in
1401CB26,Mohit,Mohit@mycollege.in
1401CB27,Palak,Palak@mycollege.in
1401CB28,Ankur,Ankur@mycollege.in
1401CB29,Richa,Richa@mycollege.in
1401CB30,Ravi,Ravi@mycollege.in
1401CB31,Arpit,Arpit@mycollege.in
1401CB32,Ankita,Ankita@mycollege.in
1401CB33,Shraddha,Shraddha@mycollege.in
1401CB34,Deepak,Deepak@mycollege.in
1401CB35,Priyanka,Priyanka@mycollege.in
1401CB36,Khushi,Khushi@mycollege.in
1401CB37,Shweta,Shweta@mycollege.in
1401CB38,Kavya,Kavya@mycollege.in
1401CB39,Kunal,Kunal@mycollege.in
1401CB40,Dheeraj,Dheeraj@mycollege.in
1401CB41,Akshita,Akshita@mycollege.in
1401CB42,Riya,Riya@mycollege.in
1401CB43,Sneha,Sneha@mycollege.in
1401CB44,Pranjal,Pranjal@mycollege.in
1401CB45,Isha,Isha@mycollege.in
1401CB46,Sumit,Sumit@mycollege.in
1401CB47,Kishan,Kishan@mycollege.in
1401CB48,Pawan,Pawan@mycollege.in
1401CB49,Soumya,Soumya@mycollege.in
1401CB50,Neelesh,Neelesh@mycollege.in
1401CE01,Sarthak,Sarthak@mycollege.in
1401CE02,Alok,Alok@mycollege.in
1401CE03,Raghav,Raghav@mycollege.in
1401CE04,Rishi,Rishi@mycollege.in
1401CE05,Pragati,Pragati@mycollege.in
1401CE06,Shivam,Shivam@mycollege.in
1401CE07,Lakshya,Lakshya@mycollege.in
1401CE08,Ashish,Ashish@mycollege.in
1401CE09,Sandeep,Sandeep@mycollege.in
1401CE10,Ishita,Ishita@mycollege.in
1401CE11,Shaurya,Shaurya@mycollege.in
1401CE12,Kashish,Kashish@mycollege.in
1401CE13,Vineet,Vineet@mycollege.in
1401CE14,Mayank,Mayank@mycollege.in
1401CE15,Jyoti,Jyoti@mycollege.in
1401CE16,Parul,Parul@mycollege.in
1401CE17,Shambhavi,Shambhavi@mycollege.in
1401CE18,Anshu,Anshu@mycollege.in
1401CE19,Keshav,Keshav@mycollege.in
1401CE20,Prince,Prince@mycollege.in
1401CE21,Prakash,Prakash@mycollege.in
1401CE22,Pratibha,Pratibha@mycollege.in
1401CE23,Praveen,Praveen@mycollege.in
1401CE24,Priyanshu,Priyanshu@mycollege.in
1401CE25,Kshitij,Kshitij@mycollege.in
1401CE26,Arushi,Arushi@mycollege.in
1401CE27,Ishan,Ishan@mycollege.in
1401CE28,Garima,Garima@mycollege.in
1401CE29,Manish,Manish@mycollege.in
1401CE30,Vaishnavi,Vaishnavi@mycollege.in
1401CE31,Shreyansh,Shreyansh@mycollege.in
1401CE32,Atul,Atul@mycollege.in
1401CE33,Sarvesh,Sarvesh@mycollege.in
1401CE34,Vidya,Vidya@mycollege.in
1401CE35,Shubhangi,Shubhangi@mycollege.in
1401CE36,Mohsin,Mohsin@mycollege.in
1401CE37,Saran,Saran@mycollege.in
1401CE38,Vikash,Vikash@mycollege.in
1401CE39,Aayush,Aayush@mycollege.in
1401CE40,Akhilesh,Akhilesh@mycollege.in
1401CE41,Nitin,Nitin@mycollege.in
1401CE42,Himani,Himani@mycollege.in
1401CE43,Sushil,Sushil@mycollege.in
1401CE44,Vartika,Vartika@mycollege.in
1401CE45,Aviral,Aviral@mycollege.in
1401CE46,Abdul,Abdul@mycollege.in
1401CE47,Sumeet,Sumeet@mycollege.in
1401CE48,Prerna,Prerna@mycollege.in
1401CE49,Nupur,Nupur@mycollege.in
1401CE50,Neha,Neha@mycollege.in
1401CE51,Vikas,Vikas@mycollege.in
1401CE52,Vanshika,Vanshika@mycollege.in
1401CE53,Rohan,Rohan@mycollege.in
1401CE54,Shivansh,Shivansh@mycollege.in
1401CE55,Sunil,Sunil@mycollege.in
1401CE56,Juhi,Juhi@mycollege.in
1401CH01,Nitesh,Nitesh@mycollege.in
1401CH02,Ganesh,Ganesh@mycollege.in
1401CH03,Naveen,Naveen@mycollege.in
1401CH04,Shikhar,Shikhar@mycollege.in
1401CH05,Jitendra,Jitendra@mycollege.in
1401CH06,Chirag,Chirag@mycollege.in
1401CH07,Abhay,Abhay@mycollege.in
1401CH08,Lucky,Lucky@mycollege.in
1401CH09,Smriti,Smriti@mycollege.in
1401CH10,Manu,Manu@mycollege.in
1401CH11,Deependra,Deependra@mycollege.in
1401CH12,Anoop,Anoop@mycollege.in
1401CH13,Devendra,Devendra@mycollege.in
1401CH14,Diksha,Diksha@mycollege.in
1401CH15,Muskaan,Muskaan@mycollege.in
1401CH16,Divyansh,Divyansh@mycollege.in
1401CH17,Kushal,Kushal@mycollege.in
1401CH18,Nitish,Nitish@mycollege.in
1401CH19,Preeti,Preeti@mycollege.in
1401CH20,Anand,Anand@mycollege.in
1401CH21,Hemant,Hemant@mycollege.in
1401CH22,Amol,Amol@mycollege.in
1401CH23,Sonal,Sonal@mycollege.in
1401CH24,Rishab,Rishab@mycollege.in
1401CH25,Shashwat,Shashwat@mycollege.in
1401CH26,Shatakshi,Shatakshi@mycollege.in
1401CH27,Supriya,Supriya@mycollege.in
1401CH28,Anchal,Anchal@mycollege.in
1401CH29,Simran,Simran@mycollege.in
1401CH30,Srijan,Srijan@mycollege.in
1401CH31,Ashwani,Ashwani@mycollege.in
1401CH32,Stuti,Stuti@mycollege.in
1401CH33,Abhijeet,Abhijeet@mycollege.in
1401CH34,Harshvardhan,Harshvardhan@mycollege.in
1401CH35,Ajit,Ajit@mycollege.in
1401CH36,Poornima,Poornima@mycollege.in
1401CH37,Anil,Anil@mycollege.in
1401CH38,Mahendra,Mahendra@mycollege.in
1401CH39,Ahmad,Ahmad@mycollege.in
1401CH40,Shalini,Shalini@mycollege.in
1401CH41,Abhijit,Abhijit@mycollege.in
1401CH42,Suyash,Suyash@mycollege.in
1401CH43,Sanskriti,Sanskriti@mycollege.in
1401CH44,Danish,Danish@mycollege.in
1401CH45,Tamanna,Tamanna@mycollege.in
1401CH46,Unnati,Unnati@mycollege.in
1401CH47,Sachin,Sachin@mycollege.in
1401CH48,Anupam,Anupam@mycollege.in
1401CH49,Shailesh,Shailesh@mycollege.in
1401CH50,Shoaib,Shoaib@mycollege.in
1401CH51,Vishnu,Vishnu@mycollege.in
1401CH52,Surya,Surya@mycollege.in
1401CH53,Pankaj,Pankaj@mycollege.in
1401CH54,Kaif,Kaif@mycollege.in
1401CH55,Pooja,Pooja@mycollege.in
1401CH56,Gayathri,Gayathri@mycollege.in
1401CH57,Pradeep,Pradeep@mycollege.in
1401CH58,Ritu,Ritu@mycollege.in
1401CH59,Dinesh,Dinesh@mycollege.in
1401CH60,Shriya,Shriya@mycollege.in
1401CH61,Tharun,Tharun@mycollege.in
1401CH62,Karan,Karan@mycollege.in
1401CH63,Kiran,Kiran@mycollege.in
1401CH64,Tarun,Tarun@mycollege.in
1401CH65,Samarth,Samarth@mycollege.in
1401CH66,Ruchi,Ruchi@mycollege.in
1401CH67,Udit,Udit@mycollege.in
1401CH68,Rashi,Rashi@mycollege.in
1401CH69,Shailendra,Shailendra@mycollege.in
1401CH70,Sameer,Sameer@mycollege.in
1401CH71,Shubhi,Shubhi@mycollege.in
1401CH72,Siddhant,Siddhant@mycollege.in
1401CH73,Mahi,Mahi@mycollege.in
1401CH74,Kanika,Kanika@mycollege.in
1401CH75,Aishwarya,Aishwarya@mycollege.in
1401CH76,Rajat,Rajat@mycollege.in
1401CH77,Rituraj,Rituraj@mycollege.in
1401CH78,Naman,Naman@mycollege.in
1401CH79,Mukesh,Mukesh@mycollege.in
1401CH80,Roshan,Roshan@mycollege.in
1401CH81,Nandini,Nandini@mycollege.in
1401CH82,Rashmi,Rashmi@mycollege.in
1401CH83,Vigneshwaran,Vigneshwaran@mycollege.in
1401CH84,Kriti,Kriti@mycollege.in
1401CS01,Arpita,Arpita@mycollege.in
1401CS02,Divyanshi,Divyanshi@mycollege.in
1401CS03,Yogesh,Yogesh@mycollege.in
1401CS04,Deepika,Deepika@mycollege.in
1401CS05,Astha,Astha@mycollege.in
1401CS06,Sanjay,Sanjay@mycollege.in
1401CS07,Mahek,Mahek@mycollege.in
1401CS08,Narendra,Narendra@mycollege.in
1401CS09,Ekta,Ekta@mycollege.in
1401CS10,Adil,Adil@mycollege.in
1401CS11,Ritesh,Ritesh@mycollege.in
1401CS12,Bhumika,Bhumika@mycollege.in
1401CS13,Samriddhi,Samriddhi@mycollege.in
1401CS14,Anmol,Anmol@mycollege.in
1401CS15,Aayushi,Aayushi@mycollege.in
1401CS16,Akshay,Akshay@mycollege.in
1401CS17,Shekhar,Shekhar@mycollege.in
1401CS18,Amisha,Amisha@mycollege.in
1401CS19,Amrita,Amrita@mycollege.in
1401CS20,Sekhar,Sekhar@mycollege.in
1401CS21,Kundalik,Kundalik@mycollege.in
1401CS22,Durga,Durga@mycollege.in
1401CS23,Apurva,Apurva@mycollege.in
1401CS24,Alka,Alka@mycollege.in
1401CS25,Indora,Indora@mycollege.in
1401CS26,Aqsa,Aqsa@mycollege.in
1401CS27,Anwar,Anwar@mycollege.in
1401CS28,Apratim,Apratim@mycollege.in
1401CS29,Hasni,Hasni@mycollege.in
1401CS30,Dalia,Dalia@mycollege.in
1401CS31,Aadharsh,Aadharsh@mycollege.in
1401CS32,Amarnath,Amarnath@mycollege.in
1401CS33,Bramoni,Bramoni@mycollege.in
1401CS34,Nethaji,Nethaji@mycollege.in
1401CS35,Chetna,Chetna@mycollege.in
1401CS36,Aastha,Aastha@mycollege.in
1401CS37,Aakriti,Aakriti@mycollege.in
1401CS38,Abhyuday,Abhyuday@mycollege.in
1401CS39,Akarsh,Akarsh@mycollege.in
1401CS40,Navneet,Navneet@mycollege.in
1401CS41,Om,Om@mycollege.in
1401CS42,Swapnil,Swapnil@mycollege.in
1401CS43,Akhil,Akhil@mycollege.in
1401CS44,Madhav,Madhav@mycollege.in
1401CS45,Divyam,Divyam@mycollege.in
1401CS46,Kirti,Kirti@mycollege.in
1401CS47,Annanya,Annanya@mycollege.in
1401CS48,Arunima,Arunima@mycollege.in
1401CS49,Niteesh,Niteesh@mycollege.in
1401CS50,Nithisha,Nithisha@mycollege.in
1401CS51,Sandhya,Sandhya@mycollege.in
1401CS52,Uttam,Uttam@mycollege.in
1401CS53,Vatsalya,Vatsalya@mycollege.in
1401CS54,Aparna,Aparna@mycollege.in
1401CS55,Disha,Disha@mycollege.in
1401CS56,Seema,Seema@mycollege.in
1401CS57,Suryansh,Suryansh@mycollege.in
1401CS58,Yashaswi,Yashaswi@mycollege.in
1401CS59,Avinash,Avinash@mycollege.in
1401CS60,Smita,Smita@mycollege.in
1401CS61,Subhra,Subhra@mycollege.in
1401CS62,Tuhin,Tuhin@mycollege.in
1401CS63,Arti,Arti@mycollege.in
1401CS64,Aakash,Aakash@mycollege.in
1401CS65,Ayan,Ayan@mycollege.in
1401CS66,Aryan,Aryan@mycollege.in
1401CS67,Vertika,Vertika@mycollege.in
1401CS68,Umme,Umme@mycollege.in
1401CS69,Yukti,Yukti@mycollege.in
1401CS70,Vishesh,Vishesh@mycollege.in
1401CS71,Ayushman,Ayushman@mycollege.in
1401CS72,Geeta,Geeta@mycollege.in
1401CS73,Divyanshu,Divyanshu@mycollege.in
1401CS74,Jaswant,Jaswant@mycollege.in
1401CS75,Hemanshu,Hemanshu@mycollege.in
1401CS76,Bhoopendra,Bhoopendra@mycollege.in
1401CS77,Bhawana,Bhawana@mycollege.in
1401CS78,Divakar,Divakar@mycollege.in
1401CS79,Dimpal,Dimpal@mycollege.in
1401CS80,Shrestha,Shrestha@mycollege.in
1401CS81,Shivanshi,Shivanshi@mycollege.in
1401CS82,Shubh,Shubh@mycollege.in
1401CS83,Shreyash,Shreyash@mycollege.in
1401CS84,Satyarth,Satyarth@mycollege.in
1401CS85,Satyam,Satyam@mycollege.in
1401CS86,Shilpa,Shilpa@mycollege.in
1401CS87,Shikha,Shikha@mycollege.in
1401CS88,Soniya,Soniya@mycollege.in
1401CS89,Tanay,Tanay@mycollege.in
1401CS90,Sushant,Sushant@mycollege.in
1401CS91,Ujjwal,Ujjwal@mycollege.in
1401CS92,Tanu,Tanu@mycollege.in
1401CS93,Subham,Subham@mycollege.in
1401CS94,Srishti,Srishti@mycollege.in
1401CS95,Suryakant,Suryakant@mycollege.in
1401CT01,Sudhanshu,Sudhanshu@mycollege.in
1401CT02,Shivang,Shivang@mycollege.in
1401CT03,Shilpi,Shilpi@mycollege.in
1401CT04,Sourabh,Sourabh@mycollege.in
1401CT05,Sonu,Sonu@mycollege.in
1401CT06,Shakti,Shakti@mycollege.in
1401CT07,Satendra,Satendra@mycollege.in
1401CT08,Shaqib,Shaqib@mycollege.in
1401CT09,Shalu,Shalu@mycollege.in
1401CT10,Sudheer,Sudheer@mycollege.in
1401CT11,Vipul,Vipul@mycollege.in
1401CT12,Vipin,Vipin@mycollege.in
1401CT13,Yashika,Yashika@mycollege.in
1401CT14,Virat,Virat@mycollege.in
1401CT15,Varsha,Varsha@mycollege.in
1401CT16,Sunny,Sunny@mycollege.in
1401CT17,Vineeta,Vineeta@mycollege.in
1401CT18,Vibhanshu,Vibhanshu@mycollege.in
1401CT19,Monti,Monti@mycollege.in
1401CT20,Minakshi,Minakshi@mycollege.in
1401CT21,Nitikarsh,Nitikarsh@mycollege.in
1401CT22,Mugdha,Mugdha@mycollege.in
1401CT23,Madhu,Madhu@mycollege.in
1401CT24,Khanak,Khanak@mycollege.in
1401CT25,Megha,Megha@mycollege.in
1401CT26,Manya,Manya@mycollege.in
1401CT27,Pakhi,Pakhi@mycollege.in
1401CT28,Ranu,Ranu@mycollege.in
1401CT29,Purvi,Purvi@mycollege.in
1401CT30,Sapna,Sapna@mycollege.in
1401CT31,Saloni,Saloni@mycollege.in
1401CT32,Prachi,Prachi@mycollege.in
1401CT33,Poonam,Poonam@mycollege.in
1401CT34,Purnima,Purnima@mycollege.in
1401CT35,Prajjwal,Prajjwal@mycollege.in
1401CT36,Satya,Satya@mycollege.in
1401CT37,Vandana,Vandana@mycollege.in
1401CT38,Tanishq,Tanishq@mycollege.in
1401CT39,Amaan,Amaan@mycollege.in
1401CT40,Yuvraj,Yuvraj@mycollege.in
1401CT41,Saurav,Saurav@mycollege.in
1401CT42,Sanjeev,Sanjeev@mycollege.in
1401CT43,Simaran,Simaran@mycollege.in
1401CT44,Shrishti,Shrishti@mycollege.in
1401CT45,Amrit,Amrit@mycollege.in
1401CT46,Arman,Arman@mycollege.in
1401CT47,Archana,Archana@mycollege.in
1401CT48,Avanish,Avanish@mycollege.in
1401CT49,Yusuf,Yusuf@mycollege.in
1401CT50,Anubhav,Anubhav@mycollege.in
1401CT51,Anita,Anita@mycollege.in
1401CT52,Anupriya,Anupriya@mycollege.in
1401CT53,Anukriti,Anukriti@mycollege.in
1401CT54,Kritika,Kritika@mycollege.in
1401CT55,Jaya,Jaya@mycollege.in
1401CT56,Namrata,Namrata@mycollege.in
1401CT57,Kushagra,Kushagra@mycollege.in
1401CT58,Hariom,Hariom@mycollege.in
1401CT59,Gargi,Gargi@mycollege.in
1401CT60,Janvi,Janvi@mycollege.in
1401CT61,Jai,Jai@mycollege.in
1401CT62,Naziya,Naziya@mycollege.in
1401CT63,Ragini,Ragini@mycollege.in
1401CT64,Priyam,Priyam@mycollege.in
1401EC01,Sania,Sania@mycollege.in
1401EC02,Sangeeta,Sangeeta@mycollege.in
1401EC03,Nimish,Nimish@mycollege.in
1401EC04,Nimesh,Nimesh@mycollege.in
1401EC05,Prabhakar,Prabhakar@mycollege.in
1401EC06,Nivedita,Nivedita@mycollege.in
1401EC07,Neetika,Neetika@mycollege.in
1401EC08,Monu,Monu@mycollege.in
1401EC09,Pankhuri,Pankhuri@mycollege.in
1401EC10,Nilesh,Nilesh@mycollege.in
1401EC11,Mallika,Mallika@mycollege.in
1401EC12,Mahima,Mahima@mycollege.in
1401EC13,Mehak,Mehak@mycollege.in
1401EC14,Manshi,Manshi@mycollege.in
1401EC15,Prakhyat,Prakhyat@mycollege.in
1401EC16,Saket,Saket@mycollege.in
1401EC17,Rishika,Rishika@mycollege.in
1401EC18,Satvik,Satvik@mycollege.in
1401EC19,Sanskar,Sanskar@mycollege.in
1401EC20,Prateek,Prateek@mycollege.in
1401EC21,Prarthana,Prarthana@mycollege.in
1401EC22,Rekha,Rekha@mycollege.in
1401EC23,Pratham,Pratham@mycollege.in
1401EC24,Devanshu,Devanshu@mycollege.in
1401EC25,Devansh,Devansh@mycollege.in
1401EC26,Dolly,Dolly@mycollege.in
1401EC27,Dhruv,Dhruv@mycollege.in
1401EC28,Deeksha,Deeksha@mycollege.in
1401EC29,Bhavya,Bhavya@mycollege.in
1401EC30,Dev,Dev@mycollege.in
1401EC31,Deepali,Deepali@mycollege.in
1401EC32,Faizan,Faizan@mycollege.in
1401EC33,Khushboo,Khushboo@mycollege.in
1401EC34,Karishma,Karishma@mycollege.in
1401EC35,Madhuri,Madhuri@mycollege.in
1401EC36,Maaz,Maaz@mycollege.in
1401EC37,Jahnavi,Jahnavi@mycollege.in
1401EC38,Jahanvi,Jahanvi@mycollege.in
1401EC39,Kamran,Kamran@mycollege.in
1401EC40,Kamini,Kamini@mycollege.in
1401EC41,Rana,Rana@mycollege.in
1401EC42,Sidhi,Sidhi@mycollege.in
1401EC43,Hartesh,Hartesh@mycollege.in
1401EC44,Mrithyunjay,Mrithyunjay@mycollege.in
1401EC45,Nishtha,Nishtha@mycollege.in
1401EC46,Dilip,Dilip@mycollege.in
1401EC47,Ramanakanth,Ramanakanth@mycollege.in
1401EC48,Durgesh,Durgesh@mycollege.in
1401EC49,Dipa,Dipa@mycollege.in
1401EC50,Rohith,Rohith@mycollege.in
1401EC51,Jagadeesh,Jagadeesh@mycollege.in
1401EC52,Indu,Indu@mycollege.in
1401EC53,Shyam,Shyam@mycollege.in
1401EC54,Shreyas,Shreyas@mycollege.in
1401MC01,Indra,Indra@mycollege.in
1401MC02,Sasi,Sasi@mycollege.in
1401MC03,Arvind,Arvind@mycollege.in
1401MC04,Kartik,Kartik@mycollege.in
1401MC05,Kartikeya,Kartikeya@mycollege.in
1401MC06,Chaitanya,Chaitanya@mycollege.in
1401MC07,Mani,Mani@mycollege.in
1401MC08,Sukirti,Sukirti@mycollege.in
1401MC09,Subodh,Subodh@mycollege.in
1401MC10,Surendra,Surendra@mycollege.in
1401MC11,Ashok,Ashok@mycollege.in
1401MC12,Suresh,Suresh@mycollege.in
1401MC13,Karthikeya,Karthikeya@mycollege.in
1401MC14,Lalit,Lalit@mycollege.in
1401MC15,Urmila,Urmila@mycollege.in
1401MC16,Sudhakar,Sudhakar@mycollege.in
1401MC17,Dhruva,Dhruva@mycollege.in
1401MC18,Dhananjay,Dhananjay@mycollege.in
1401MC19,Rama,Rama@mycollege.in
1401MC20,Raj,Raj@mycollege.in
1401MC21,Chinmay,Chinmay@mycollege.in
1401MC22,Chahat,Chahat@mycollege.in
1401MC23,Sourav,Sourav@mycollege.in
1401MC24,Desh,Desh@mycollege.in
1401MC25,Raashi,Raashi@mycollege.in
1401MC26,Ram,Ram@mycollege.in
1401MC27,Laxmi,Laxmi@mycollege.in
1401MC28,Krishan,Krishan@mycollege.in
1401MC29,Yatharth,Yatharth@mycollege.in
1401MC30,Mridul,Mridul@mycollege.in
1401MC31,Vinay,Vinay@mycollege.in
1401MC32,Sreekanth,Sreekanth@mycollege.in
1401MC33,Sweta,Sweta@mycollege.in
1401MC34,Thaanya,Thaanya@mycollege.in
1401MC35,Rakesh,Rakesh@mycollege.in
1401MC36,Pinky,Pinky@mycollege.in
1401MC37,Raju,Raju@mycollege.in
1401MC38,Rajiv,Rajiv@mycollege.in
1401MC39,Rajkumar,Rajkumar@mycollege.in
1401MC40,Pushkar,Pushkar@mycollege.in
1401MC41,Asutosh,Asutosh@mycollege.in
1401MC42,Pradip,Pradip@mycollege.in
1401MC43,Mrityunjay,Mrityunjay@mycollege.in
1401MC44,Kavish,Kavish@mycollege.in
1401MC45,Monica,Monica@mycollege.in
1401MC46,Sabareesh,Sabareesh@mycollege.in
1401MC47,Lakshmi,Lakshmi@mycollege.in
1401MC48,Love,Love@mycollege.in
1401MC49,Lekhraj,Lekhraj@mycollege.in
1401MC50,Sahil,Sahil@mycollege.in
1401MC51,Seshikanth,Seshikanth@mycollege.in
1401MC52,Kalpana,Kalpana@mycollege.in
1401MC53,Santosh,Santosh@mycollege.in
1401MC54,Kapil,Kapil@mycollege.in
1401MC55,Subash,Subash@mycollege.in
1401MC56,Raunak,Raunak@mycollege.in
1401MC57,Mangal,Mangal@mycollege.in
1401MC58,Tejas,Tejas@mycollege.in
1401MC59,Mayur,Mayur@mycollege.in
1401MC60,Ravisankar,Ravisankar@mycollege.in
1401MC61,Mahesh,Mahesh@mycollege.in
1401MC62,Mahato,Mahato@mycollege.in
1401MC63,Aaryan,Aaryan@mycollege.in
1401MC64,Manas,Manas@mycollege.in
1401MC65,Surbhi,Surbhi@mycollege.in
1401MC66,Deepshikha,Deepshikha@mycollege.in
1401MC67,Amar,Amar@mycollege.in
1401MC68,Anuj,Anuj@mycollege.in
1401MC69,Siddhesh,Siddhesh@mycollege.in
1401MC70,Venkata,Venkata@mycollege.in
1401MC71,Renu,Renu@mycollege.in
1401MC72,Farhan,Farhan@mycollege.in
1401MC73,Vignesh,Vignesh@mycollege.in
1401MC74,Abhimanyu,Abhimanyu@mycollege.in
1401MC75,Faraz,Faraz@mycollege.in
1401MM01,Bilal,Bilal@mycollege.in
1401MM02,Abhilash,Abhilash@mycollege.in
1401MM03,Vaishali,Vaishali@mycollege.in
1401MM04,Apoorva,Apoorva@mycollege.in
1401MM05,Hemlata,Hemlata@mycollege.in
1401MM06,Aanchal,Aanchal@mycollege.in
1401MM07,Sathwika,Sathwika@mycollege.in
1401MM08,Deepa,Deepa@mycollege.in
1401MM09,Utkarsha,Utkarsha@mycollege.in
1401MM10,Deep,Deep@mycollege.in
1401MM11,Dushyant,Dushyant@mycollege.in
1401MM12,Anshuman,Anshuman@mycollege.in
1401MM13,Sukumaran,Sukumaran@mycollege.in
1401MM14,Chandran,Chandran@mycollege.in
1401MM15,Anshul,Anshul@mycollege.in
1401MM16,Saanchi,Saanchi@mycollege.in
1401MM17,Aadil,Aadil@mycollege.in
1401MM18,Ali,Ali@mycollege.in
1401MM19,Nishant,Nishant@mycollege.in
1401MM20,Aaditya,Aaditya@mycollege.in
1401MM21,Vipasha,Vipasha@mycollege.in
1401MM22,Abbas,Abbas@mycollege.in
1401MM23,Anubha,Anubha@mycollege.in
1401MM24,Chandra,Chandra@mycollege.in
1401MM25,Ayesha,Ayesha@mycollege.in
1401MM26,Rizwa,Rizwa@mycollege.in
1401MM27,Sanjeeda,Sanjeeda@mycollege.in
1401MM28,Devadathan,Devadathan@mycollege.in
1401MM29,Vardhamann,Vardhamann@mycollege.in
1401MM30,Sairam,Sairam@mycollege.in
1401MM31,Abhedhya,Abhedhya@mycollege.in
1401MM32,Gnaneswar,Gnaneswar@mycollege.in
1401MM33,Sara,Sara@mycollege.in
1401MM34,Rupal,Rupal@mycollege.in
1401MM35,Sahaj,Sahaj@mycollege.in
1401MM36,Robin,Robin@mycollege.in
1401MM37,Rupanjali,Rupanjali@mycollege.in
1401MM38,Rupeshwary,Rupeshwary@mycollege.in
1401MM39,Brahmaputra,Brahmaputra@mycollege.in
1401MM40,Hariharan,Hariharan@mycollege.in
1401MM41,Pranav,Pranav@mycollege.in
1401MM42,Babu,Babu@mycollege.in
1401MM43,Bibhu,Bibhu@mycollege.in
1401MM44,Chirayu,Chirayu@mycollege.in
1401MM45,Sameeksha,Sameeksha@mycollege.in
1401MM46,Ashmita,Ashmita@mycollege.in
1401MM47,Chhavi,Chhavi@mycollege.in
1401MM48,Shreepriya,Shreepriya@mycollege.in
1401MM49,Nahid,Nahid@mycollege.in
1401MM50,Sharique,Sharique@mycollege.in
1401MM51,Anusha,Anusha@mycollege.in
1401MM52,Anunay,Anunay@mycollege.in
1401MM53,Vidit,Vidit@mycollege.in
1401MM54,Shwetanshi,Shwetanshi@mycollege.in
1401MM55,Anshit,Anshit@mycollege.in
1401MM56,Anubhuti,Anubhuti@mycollege.in
1401MM57,Vashif,Vashif@mycollege.in
1401MM58,Jahangeer,Jahangeer@mycollege.in
1401MM59,Sharanya,Sharanya@mycollege.in
1401MM60,Saudamini,Saudamini@mycollege.in
1401MM61,Arshad,Arshad@mycollege.in
1401MM62,Yeram,Yeram@mycollege.in
1401MM63,Asad,Asad@mycollege.in
1401MM64,Asthana,Asthana@mycollege.in
1401MM65,Asmita,Asmita@mycollege.in
1401MM66,Ashal,Ashal@mycollege.in
1401MM67,Zeal,Zeal@mycollege.in
1401MM68,Areeb,Areeb@mycollege.in
1401MM69,Archita,Archita@mycollege.in
1401MM70,Archi,Archi@mycollege.in
1401MM71,Arish,Arish@mycollege.in
1401MM72,Shyamali,Shyamali@mycollege.in
1401MM73,Sejal,Sejal@mycollege.in
1401MM74,Shaileja,Shaileja@mycollege.in
1401MM75,Gitanshu,Gitanshu@mycollege.in
1401MM76,Mansoon,Mansoon@mycollege.in
1401MM77,Akshaya,Akshaya@mycollege.in
1401MM78,Madhusri,Madhusri@mycollege.in
1401MM79,Meet,Meet@mycollege.in
1401MM80,Prajeeth,Prajeeth@mycollege.in
1401MM81,Gyanvi,Gyanvi@mycollege.in
1401MM82,Govindam,Govindam@mycollege.in
1401MT01,Mairaz,Mairaz@mycollege.in
1401MT02,Abhilasha,Abhilasha@mycollege.in
1401MT03,Mritunjay,Mritunjay@mycollege.in
1401MT04,Mudit,Mudit@mycollege.in
1401MT05,Mubasshira,Mubasshira@mycollege.in
1401MT06,Goldy,Goldy@mycollege.in
1401MT07,Monish,Monish@mycollege.in
1401MT08,Moosvi,Moosvi@mycollege.in
1401MT09,Fariya,Fariya@mycollege.in
1401MT10,Toshit,Toshit@mycollege.in
1401MT11,Kanha,Kanha@mycollege.in
1401MT12,Khalid,Khalid@mycollege.in
1401MT13,Kaushiki,Kaushiki@mycollege.in
1401MT14,Elamathi,Elamathi@mycollege.in
1401MT15,Vasundhara,Vasundhara@mycollege.in
1401MT16,Kandarp,Kandarp@mycollege.in
1401MT17,Noopur,Noopur@mycollege.in
1401MT18,Suchita,Suchita@mycollege.in
1401MT19,Sumaiya,Sumaiya@mycollege.in
1401MT20,Himanshi,Himanshi@mycollege.in
1401MT21,Ibrahim,Ibrahim@mycollege.in
1401MT22,Jagriti,Jagriti@mycollege.in
1401MT23,Khansa,Khansa@mycollege.in
1401MT24,Kunaal,Kunaal@mycollege.in
1401MT25,Ishwa,Ishwa@mycollege.in
1401MT26,Joshika,Joshika@mycollege.in
1401MT27,Sawan,Sawan@mycollege.in
1401MT28,Priyesh,Priyesh@mycollege.in
1401MT29,Priyal,Priyal@mycollege.in
1401MT30,Pradium,Pradium@mycollege.in
1401MT31,Omhari,Omhari@mycollege.in
1401MT32,Pranidhi,Pranidhi@mycollege.in
1401MT33,Leena,Leena@mycollege.in
1401MT34,Harshada,Harshada@mycollege.in
1401MT35,Prathmesh,Prathmesh@mycollege.in
1401MT36,Ritank,Ritank@mycollege.in
1401MT37,Rishit,Rishit@mycollege.in
1401MT38,Meenu,Meenu@mycollege.in
1401MT39,Ranjan,Ranjan@mycollege.in
1401MT40,Shukant,Shukant@mycollege.in
1401MT41,Jashveer,Jashveer@mycollege.in
1401MT42,Nargis,Nargis@mycollege.in
1401MT43,Shreyans,Shreyans@mycollege.in
1401MT44,Manaswini,Manaswini@mycollege.in
1401MT45,Neelu,Neelu@mycollege.in
1401MT46,Mukund,Mukund@mycollege.in
1401MT47,Eshma,Eshma@mycollege.in
1401MT48,Aruba,Aruba@mycollege.in
1401MT49,Ehtisham,Ehtisham@mycollege.in
1401MT50,Nitya,Nitya@mycollege.in
1401MT51,Nishu,Nishu@mycollege.in
1401MT52,Noorsaba,Noorsaba@mycollege.in
1401MT53,Punya,Punya@mycollege.in
1401MT54,Nihal,Nihal@mycollege.in
1401MT55,Devyanti,Devyanti@mycollege.in
1401MT56,Nishchay,Nishchay@mycollege.in
1401MT57,Shagun,Shagun@mycollege.in
1401MT58,Joy,Joy@mycollege.in
1401MT59,Reshami,Reshami@mycollege.in
1401MT60,Ronit,Ronit@mycollege.in
1401MT61,Rishu,Rishu@mycollege.in
1401MT62,Prasun,Prasun@mycollege.in
1401MT63,Prakharendra,Prakharendra@mycollege.in
1401MT64,Priyamvada,Priyamvada@mycollege.in
1401MT65,Rajneesh,Rajneesh@mycollege.in
1401MT66,Kausar,Kausar@mycollege.in
1401MT67,Rouby,Rouby@mycollege.in
1401MT68,Sanket,Sanket@mycollege.in
1401MT69,Hari,Hari@mycollege.in
1401MT70,Saumile,Saumile@mycollege.in
1401MT71,Shagufta,Shagufta@mycollege.in
1401MT72,Shaad,Shaad@mycollege.in
1401MT73,Rupali,Rupali@mycollege.in
1401MT74,Jenamani,Jenamani@mycollege.in
1401MT75,Sadiya,Sadiya@mycollege.in
1401MT76,Saksham,Saksham@mycollege.in
1401MT77,Saharsh,Saharsh@mycollege.in
1401MT78,Kushan,Kushan@mycollege.in
